{
  "total_episodes": 80,
  "successful_defenses": 41,
  "failed_defenses": 39,
  "false_positives": 12,
  "average_reward": -0.11573598027252663,
  "average_time_to_remediate": 0.0,
  "detection_rate": 0.9375,
  "action_distribution": {
    "isolate_host": 11,
    "reset_credentials": 8,
    "block_ip": 20,
    "lock_account": 15,
    "kill_process": 15,
    "scan_system": 2,
    "notify_team": 6,
    "quarantine_file": 3
  },
  "reward_history": [
    0.7475872665045862,
    -1.1992836671155518,
    0.6023946505504798,
    0.9281473207845179,
    -0.5545791495960305,
    -0.6543431760337631,
    -1.187928726463569,
    0.5662894142332204,
    0.8015097384938792,
    -1.2003404551077899,
    -1.1398141235289712,
    0.7931396636875653,
    -1.2679191952938929,
    -1.189869255466204,
    -0.7344316415977403,
    -0.5891454082673308,
    0.934249757665109,
    0.6193113737650153,
    0.7635338213037934,
    0.8003649948665443,
    -1.2588769884326843,
    -1.1032603044407376,
    -1.2889784142843375,
    -1.2426182418077842,
    0.5132039820775939,
    0.7283598773227936,
    0.9244897491130817,
    0.7999271355072629,
    -0.6904639871023321,
    -1.14840882213928,
    -1.1168747055861827,
    0.8362610036300129,
    0.8429468631349526,
    0.8984382167508435,
    -0.7396111524111557,
    -0.6856816882770632,
    0.5117448880094365,
    0.7435226061670537,
    -0.6921672626142624,
    -1.2975114466127073,
    -1.1703477770777928,
    -1.141363510705334,
    -1.1846275278573999,
    -1.153678434277789,
    0.6299529058191305,
    0.8652899949284798,
    -0.6003492826351889,
    -1.0920669220325168,
    -1.1797308224099452,
    0.8044943753468399,
    -0.6929837583009215,
    -1.2799107029883472,
    0.707336931970164,
    0.7559872489921813,
    -1.2359993116979215,
    0.6006974190820905,
    0.8781123744068144,
    0.4600308649533067,
    0.8771791864756386,
    0.9300454984477549,
    -1.2664182487681324,
    0.891753090328099,
    0.7060006145424798,
    -0.7902278497410522,
    0.479780749606191,
    -0.7976666246035954,
    0.8545436803648203,
    -1.2841670653780144,
    0.908246665771182,
    -1.299071751728917,
    0.9037608711110743,
    -1.0968032581725269,
    0.7238631709808429,
    0.7358305712391153,
    -1.2858203782292277,
    -1.1927111100698213,
    0.8768097884478603,
    0.8378518517176754,
    0.7375868960736157,
    0.946596652878589
  ]
}